ID,Name,Street Address,City,Region,Zip,Website,Contact Name,Contact Email,Contact Phone
31001,Ante Dictum LLC,"2809 Tincidunt, Road",Ottawa-Carleton,Ontario,9148,https://AnteDictumLLC.com,Reese Murray,Maecenas.ornare@nec.net,1-758-767-3241
12011,Magna LLC,"4816 Eget, St.",Koszalin,Zachodniopomorskie,18503-787,https://MagnaLLC.com,Len Larsen,ac.tellus@erosProin.co.uk,1-289-377-3568
59663,Sem Eget Massa Industries,551-2969 Nonummy Street,Reinbek,SH,533748,https://SemEgetMassaIndustries.com,Caldwell Cross,commodo@dictummagna.org,1-221-739-9792
30272,Magna Ut Tincidunt Foundation,7419 Suspendisse Rd.,Gulfport,Mississippi,41680,https://MagnaUtTinciduntFoundation.com,Zeus Hobbs,nonummy.ut@enimgravida.ca,1-848-410-0854
43057,Lorem Consulting,2532 Dis Av.,Quebec City,QC,46801,https://LoremConsulting.com,Audrey Green,commodo.auctor.velit@Phasellusdolorelit.com,1-889-475-8972
95787,Mattis Cras LLP,Ap #431-8877 Aliquam Street,Chicago,Illinois,26531,https://MattisCrasLLP.com,Minerva Livingston,Nunc.quis.arcu@malesuadaaugueut.org,1-524-708-0360
21629,Luctus Lobortis Class Company,8530 Etiam Av.,Tehuacain,Puebla,4838,https://LuctusLobortisClassCompany.com,David Hoffman,nisi.sem.semper@necurnasuscipit.ca,1-337-570-7848
81659,Et Rutrum Institute,429-1502 Fusce Av.,Baie-Comeau,QC,71749,https://EtRutrumInstitute.com,Boris Ortiz,vitae.erat.vel@Nuncmauris.net,1-610-311-9182
40189,Orci Phasellus Dapibus Company,408 Magna. Avenue,Bathgate,WL,84770,https://OrciPhasellusDapibusCompany.com,Kadeem Mcfadden,In@nascetur.co.uk,1-747-964-9039
